country,continent,avg_life_expectancy
China,North America,67.23065362219072
UK,North America,77.20100616261273
Australia,South America,67.16713761215748
India,Europe,77.26575581070206
Germany,Europe,85.8835608444579
Canada,Europe,75.9915636470387
Brazil,Asia,77.4060383598108
USA,Asia,78.63266213009007
France,Oceania,71.02050985548728
South Africa,Africa,70.19790827723875
